Accuracy,MSE,MAE,RMSE,F1 Score,Training Time,Inference Time,Model type,dataset
1.0,0.007339671165288483,0.07093316551670432,0.08567188083197709,1.0,21.081427335739136,0.10801959037780762,perceptron,addition_dataset_2
