Accuracy,MSE,MAE,RMSE,F1 Score,Training Time,Inference Time,Model type,dataset
0.36975,0.6213223162992106,0.679725683070181,0.7882400118613687,0.33275,21.37050700187683,0.10793614387512207,perceptron,simple_sin_dataset
