Accuracy,MSE,MAE,RMSE,F1 Score,Training Time,Inference Time,Model type,dataset
0.34725,1.1826974049986385,0.8894893123682887,1.087518921673843,0.3365,20.675564527511597,0.11498403549194336,perceptron,simple_cos_dataset
