Accuracy,MSE,MAE,RMSE,F1 Score,Training Time,Inference Time,Model type,dataset
1.0,0.00033737751769041325,0.01790964615345001,0.018367839222140782,1.0,21.378204107284546,0.10969090461730957,perceptron,addition_dataset_2
