Model type,dataset,Accuracy,MSE,MAE,RMSE,F1 Score,Training Time,Inference Time
perceptron,addition_dataset_2,1.0,0.05638053600668246,0.23360124123096465,0.23744585910620228,1.0,22.666709184646606,0.11066842079162598
