Accuracy,MSE,MAE,RMSE,F1 Score,Training Time,Inference Time,Model type,dataset
1.0,4.1729579976685926e-05,0.005596682674484327,0.006459843649554216,0.7512500000000001,21.00800061225891,0.09811186790466309,perceptron,substraction_dataset
