Accuracy,MSE,MAE,RMSE,F1 Score,Training Time,Inference Time,Model type,dataset
0.8354,0.1646,0.1646,0.40570925550201586,0.83521084604456,19.98756456375122,1.9231162071228027,Transformer,IMDB
