Accuracy,MSE,MAE,RMSE,F1 Score,Training Time,Inference Time,Model type,dataset
0.1,28.5,4.5,5.338539126015656,0.10000000000000002,556.6811337471008,1.7052743434906006,CBAM,CIFAR10
