Accuracy,MSE,MAE,RMSE,F1 Score,Training Time,Inference Time,Model type,dataset
0.4281,11.9671,2.2075,3.4593496498619505,0.4281,4344.639269351959,13.76746416091919,ResNet,CIFAR10
