Accuracy,MSE,MAE,RMSE,F1 Score,Training Time,Inference Time,Model type,dataset
1.0,0.000566479040065567,0.02330423612892628,0.023800820155313283,1.0,29.303192615509033,0.11091113090515137,RNN,addition_dataset_2
