Accuracy,MSE,MAE,RMSE,F1 Score,Training Time,Inference Time,Model type,dataset
0.48975,0.2501994018303252,0.5001159712821245,0.5001993620850842,0.48975,27.117748498916626,0.11150622367858887,RNN,binomial_distribution_dataset
