Accuracy,MSE,MAE,RMSE,F1 Score,Training Time,Inference Time,Model type,dataset
0.2375,1.257609906578936,0.985883578825742,1.1214320784510028,0.23750000000000002,27.51389169692993,0.11756515502929688,RNN,doubling_dataset
