Accuracy,MSE,MAE,RMSE,F1 Score,Training Time,Inference Time,Model type,dataset
0.0,1.4820564701812893e+17,192491336.80109167,384974865.4368606,0.0,3.2142186164855957,0.04163074493408203,RNN,exponent_dataset
