Accuracy,MSE,MAE,RMSE,F1 Score,Training Time,Inference Time,Model type,dataset
0.5045,0.2570855159568078,0.49938290514796974,0.5070360105128706,0.5045,4.89728045463562,0.1182258129119873,RNN,gamma_distribution_dataset
