Accuracy,MSE,MAE,RMSE,F1 Score,Training Time,Inference Time,Model type,dataset
0.00575,11132440.394581147,219.86224684493155,3336.531191908918,0.0055,5.551985740661621,0.11881470680236816,RNN,integration_with_tan_dataset
