Accuracy,MSE,MAE,RMSE,F1 Score,Training Time,Inference Time,Model type,dataset
0.91925,0.1344752128080965,0.17543116304724737,0.3667086211259513,0.82175,32.025848150253296,0.1475062370300293,RNN,integration_with_cos_dataset
