Accuracy,MSE,MAE,RMSE,F1 Score,Training Time,Inference Time,Model type,dataset
0.9345,0.05719731033128839,0.15984060072290326,0.23915959176100043,0.85175,18.01930856704712,0.13095307350158691,RNN,integration_with_sin_dataset
