Accuracy,MSE,MAE,RMSE,F1 Score,Training Time,Inference Time,Model type,dataset
0.5,0.1393216402056211,0.1964671763031643,0.3732581415128424,0.8203389830508474,59.879998445510864,6.305342435836792,RNN,IMDB
