Accuracy,MSE,MAE,RMSE,F1 Score,Training Time,Inference Time,Model type,dataset
0.0,2353097424719.122,867596.7760021973,1533980.9075471319,0.0,166.03598999977112,0.13128447532653809,RNN,multiplication_dataset
