Accuracy,MSE,MAE,RMSE,F1 Score,Training Time,Inference Time,Model type,dataset
0.502,0.25027748055429144,0.4998650249540806,0.5002774036015333,0.502,28.28928256034851,0.11308622360229492,RNN,normal_distribution_dataset
