Accuracy,MSE,MAE,RMSE,F1 Score,Training Time,Inference Time,Model type,dataset
0.47125,0.28615084854360623,0.47383598344014505,0.5349306950845186,0.51475,19.291871070861816,0.1859419345855713,RNN,natural_log_dataset
