Accuracy,MSE,MAE,RMSE,F1 Score,Training Time,Inference Time,Model type,dataset
0.494,0.25087627856930916,0.5002193024158478,0.500875512047963,0.494,5.331428289413452,0.11805200576782227,RNN,poisson_distribution_dataset
