Accuracy,MSE,MAE,RMSE,F1 Score,Training Time,Inference Time,Model type,dataset
0.39125,0.7363631719121213,0.7146358514204728,0.8581160596982912,0.32675,6.760465860366821,0.12850713729858398,RNN,simple_sin_dataset
