Accuracy,MSE,MAE,RMSE,F1 Score,Training Time,Inference Time,Model type,dataset
0.39775,0.698357814445811,0.7014733898176055,0.8356780566975605,0.3345,5.178182125091553,0.11120438575744629,RNN,simple_cos_dataset
