Accuracy,MSE,MAE,RMSE,F1 Score,Training Time,Inference Time,Model type,dataset
0.24325,1.4819605165512644,1.0489233262371271,1.2173580067306677,0.24175,27.553702116012573,0.11743569374084473,RNN,substraction_dataset
