Accuracy,MSE,MAE,RMSE,F1 Score,Training Time,Inference Time,Model type,dataset
1.0,0.0481960515512644,0.0489233262371271,0.0213580067306677,1.0,27.553702116012573,0.11743569374084473,RNN,substraction_dataset
