Accuracy,MSE,MAE,RMSE,F1 Score,Training Time,Inference Time,Model type,dataset
0.1,28.5,4.5,5.338539126015656,0.10000000000000002,4220.753514766693,15.631383895874023,VGG16,CIFAR10
