Accuracy,MSE,MAE,RMSE,F1 Score,Training Time,Inference Time,Model type,dataset
0.1,10.5,2.7,3.24037034920393,0.10000000000000002,538.8802154064178,1.1661219596862793,ConvNext,CIFAR10
