Accuracy,MSE,MAE,RMSE,F1 Score,Training Time,Inference Time,Model type,dataset
0.7016,5.1768,1.0254,2.275258227103025,0.7016,147.6401550769806,0.7733721733093262,ConvNext,CIFAR10
