Accuracy,MSE,MAE,RMSE,F1 Score,Training Time,Inference Time,Model type,dataset
1.0,1.551935242051261e-05,0.003045361891388893,0.0039394609301924306,1.0,46.7569317817688,0.158416748046875,CNN,addition_dataset_2
