Accuracy,MSE,MAE,RMSE,F1 Score,Training Time,Inference Time,Model type,dataset
0.48975,0.2504053620555568,0.5002071671262384,0.5004051978702427,0.48975,13.10477590560913,0.10012149810791016,CNN,binomial_distribution_dataset
