Accuracy,MSE,MAE,RMSE,F1 Score,Training Time,Inference Time,Model type,dataset
0.6976,5.3375,1.0505,2.3103030104295845,0.6976,146.29945349693298,0.7408561706542969,CNN,CIFAR10
