Accuracy,MSE,MAE,RMSE,F1 Score,Training Time,Inference Time,Model type,dataset
1.0,0.012731780351749522,0.11044094529002906,0.11283519110521115,1.0,27.424485683441162,0.11833763122558594,CNN,doubling_dataset
