Accuracy,MSE,MAE,RMSE,F1 Score,Training Time,Inference Time,Model type,dataset
0.5,1.482056353367527e+17,192491331.06492168,384974850.26525134,0.5,1.4539759159088135,0.0499880313873291,CNN,exponent_dataset
