Accuracy,MSE,MAE,RMSE,F1 Score,Training Time,Inference Time,Model type,dataset
0.50125,0.25091874611640236,0.5000385907441378,0.5009179035694395,0.50125,17.126312017440796,0.122802734375,CNN,gamma_distribution_dataset
