Accuracy,MSE,MAE,RMSE,F1 Score,Training Time,Inference Time,Model type,dataset
0.059,11142260.458041424,235.47967734015117,3338.0024652539464,0.05525,42.684239864349365,0.3589622974395752,CNN,integration_with_tan_dataset
