Accuracy,MSE,MAE,RMSE,F1 Score,Training Time,Inference Time,Model type,dataset
0.85275,0.1474162278534829,0.27578019754890737,0.3839482098584169,0.72075,32.77224898338318,0.11589813232421875,CNN,integration_with_sin_dataset
