Accuracy,MSE,MAE,RMSE,F1 Score,Training Time,Inference Time,Model type,dataset
0.946,0.4870416333808807,0.21494793472361454,0.6978836818416667,0.87075,56.685492515563965,0.11690258979797363,CNN,integration_with_cos_dataset
