Accuracy,MSE,MAE,RMSE,F1 Score,Training Time,Inference Time,Model type,dataset
0.0,1996921061495296.0,39746256.35270464,44686922.71230249,0.0,39.20493173599243,0.12232351303100586,CNN,multiplication_dataset
