Accuracy,MSE,MAE,RMSE,F1 Score,Training Time,Inference Time,Model type,dataset
0.5125,0.24990718967710177,0.499837088868022,0.4999071810617465,0.5125,13.011708974838257,0.11270761489868164,CNN,normal_distribution_dataset
