Accuracy,MSE,MAE,RMSE,F1 Score,Training Time,Inference Time,Model type,dataset
0.37475,1.55053008358662,0.3252629239298043,0.4068234270981644,0.3615,20.38612937927246,0.11602044105529785,CNN,natural_log_dataset
