Accuracy,MSE,MAE,RMSE,F1 Score,Training Time,Inference Time,Model type,dataset
0.0,55.56379677948679,6.2261677424680535,7.454112742606379,0.042,16.515875101089478,0.11744523048400879,CNN,natural_log_dataset
