Accuracy,MSE,MAE,RMSE,F1 Score,Training Time,Inference Time,Model type,dataset
0.17475,16.550530083586462,3.2526292392980403,4.0682342709812644,0.1615,20.38612937927246,0.11602044105529785,CNN,natural_log_dataset
