Accuracy,MSE,MAE,RMSE,F1 Score,Training Time,Inference Time,Model type,dataset
0.497,0.24997851847347238,0.4998931390941143,0.49997851801199655,0.497,8.311617136001587,0.10787749290466309,CNN,poisson_distribution_dataset
