Accuracy,MSE,MAE,RMSE,F1 Score,Training Time,Inference Time,Model type,dataset
0.33775,0.5236440536174587,0.6460512899838754,0.7236325404633617,0.3305,7.026249885559082,0.11893653869628906,CNN,simple_sin_dataset
