Accuracy,MSE,MAE,RMSE,F1 Score,Training Time,Inference Time,Model type,dataset
1.0,2.029496849327634e-05,0.0038605402843095364,0.004504993728439179,0.753,21.28980827331543,0.11311554908752441,CNN,substraction_dataset
