Accuracy,MSE,MAE,RMSE,F1 Score,Training Time,Inference Time,Model type,dataset
0.403,0.6746679342964017,0.6909392301858818,0.8213817226456903,0.33975,10.494728565216064,0.11103248596191406,CNN,simple_cos_dataset
