Accuracy,MSE,MAE,RMSE,F1 Score,Training Time,Inference Time,Model type,dataset
0.38775,0.9601903000963607,0.7204698066642674,0.9798930044124005,0.42975,75.83415102958679,0.12098956108093262,multi_layer_perceptron,natural_log_dataset
