Accuracy,MSE,MAE,RMSE,F1 Score,Training Time,Inference Time,Model type,dataset
0.5,1.482056359723061e+17,192491331.48005342,384974851.0906993,0.5,5.069668531417847,0.04620075225830078,LSTM,exponent_dataset
