Accuracy,MSE,MAE,RMSE,F1 Score,Training Time,Inference Time,Model type,dataset
1.0,0.07202454780869823,0.2330727826412767,0.26837389554257735,0.748,31.920608282089233,0.13950538635253906,LSTM,substraction_dataset
