Accuracy,MSE,MAE,RMSE,F1 Score,Training Time,Inference Time,Model type,dataset
0.33125,0.5143888694523071,0.6445026873735444,0.7172090834981855,0.33025,29.363096475601196,0.13360238075256348,LSTM,simple_sin_dataset
