Accuracy,MSE,MAE,RMSE,F1 Score,Training Time,Inference Time,Model type,dataset
0.99875,0.0016558056562507915,0.012006989181041717,0.04069159196014321,0.99875,32.07357358932495,0.1287992000579834,LSTM,addition_dataset_2
