Accuracy,MSE,MAE,RMSE,F1 Score,Training Time,Inference Time,Model type,dataset
0.99975,0.0002114589259923072,0.0059769520461559296,0.01454162735020765,0.99975,28.55224061012268,0.12328958511352539,LSTM,doubling_dataset
