Accuracy,MSE,MAE,RMSE,F1 Score,Training Time,Inference Time,Model type,dataset
0.0,3.1356724196535984e+16,131977862.33921216,177078299.6206367,0.0,20.868156671524048,0.1652216911315918,LSTM,multiplication_dataset
