Accuracy,MSE,MAE,RMSE,F1 Score,Training Time,Inference Time,Model type,dataset
0.5,0.1537041388837092,0.18827795309122153,0.3920511942128339,0.8187424909891869,119.52365446090698,6.3878607749938965,LSTM,IMDB
