Accuracy,MSE,MAE,RMSE,F1 Score,Training Time,Inference Time,Model type,dataset
0.99975,0.0023961074250331265,0.03734933112540649,0.04895005030674766,0.96725,23.22040629386902,0.12169051170349121,LSTM,natural_log_dataset
