Accuracy,MSE,MAE,RMSE,F1 Score,Training Time,Inference Time,Model type,dataset
0.33925,0.4959790734673626,0.6342982717792136,0.7042578174698259,0.337,28.429535388946533,0.1237185001373291,LSTM,simple_cos_dataset
