Accuracy,MSE,MAE,RMSE,F1 Score,Training Time,Inference Time,Model type,dataset
0.1,20.5,3.7,4.527692569068709,0.10000000000000002,2608.5105078220367,9.83414363861084,AlexNet,CIFAR10
